id_persona_COUNT,mes_desde_inicio_covid
81.000000,3
2492.000000,4
7658.000000,5
8297.000000,6
7698.000000,7
7331.000000,8
3734.000000,9
1879.000000,10
5993.000000,11
10871.000000,12
11222.000000,13
10339.000000,14
5742.000000,15
2016.000000,16
920.000000,17
512.000000,18
349.000000,19
320.000000,20
