id_persona_COUNT,mes_desde_inicio_covid
1.000000,3
6.000000,4
13.000000,5
34.000000,6
230.000000,7
754.000000,8
240.000000,9
106.000000,10
275.000000,11
518.000000,12
300.000000,13
345.000000,14
508.000000,15
375.000000,16
197.000000,17
106.000000,18
69.000000,19
48.000000,20
