id_persona_COUNT,mes_desde_inicio_covid
1.000000,3
5.000000,4
13.000000,5
33.000000,6
227.000000,7
751.000000,8
239.000000,9
105.000000,10
275.000000,11
516.000000,12
300.000000,13
343.000000,14
506.000000,15
368.000000,16
189.000000,17
93.000000,18
59.000000,19
36.000000,20
