id_persona_COUNT,mes_desde_inicio_covid
81.000000,3
2454.000000,4
7601.000000,5
8218.000000,6
7646.000000,7
7274.000000,8
3708.000000,9
1866.000000,10
5958.000000,11
10784.000000,12
11172.000000,13
10227.000000,14
5571.000000,15
1807.000000,16
728.000000,17
336.000000,18
171.000000,19
130.000000,20
